feature_id,lua_profile,spec_reference,implementation_module,test_ids,status,known_difference
p00.workspace,lua55,docs/plane/P00.md#p00-1,xtask,P00-IND-001,PASS,
p00.workspace,lua54,docs/plane/P00.md#p00-1,xtask,P00-IND-001,PASS,
p00.reference,lua55,spec/upstream-sources.md,xtask,P00-REF-001,PASS,
p00.reference,lua54,spec/upstream-sources.md,xtask,P00-REF-002,PASS,
p00.runner,lua55,docs/plane/P00.md#p00-4,xtask,P00-RUN-001;P00-RUN-002,PASS,
p00.runner,lua54,docs/plane/P00.md#p00-4,xtask,P00-RUN-001;P00-RUN-002,PASS,
p01.core,lua55,docs/plane/P01.md#p01-1-to-p01-4,rivetlua-core,NUM-001;NUM-002;NUM-003;NUM-004;NUM-005;NUM-006;NUM-007;NUM-008;VAL-001;VAL-002;VAL-003;ERR-001;ERR-002;ERR-003;ERR-004,PASS,
p01.core,lua54,docs/plane/P01.md#p01-1-to-p01-4,rivetlua-core,NUM-001;NUM-002;NUM-003;NUM-004;NUM-005;NUM-006;NUM-007;NUM-008;VAL-001;VAL-002;VAL-003;ERR-001;ERR-002;ERR-003;ERR-004,PASS,
p02.lexer,lua55,docs/plane/P02.md#p02-1-to-p02-5,rivetlua-compiler,LEX-001;LEX-002;LEX-003;LEX-004;LEX-005;LEX-006;LEX-LONG-001;LEX-ERR-001;LEX-ERR-002;LEX-ERR-003;LEX-ERR-004,PASS,
p02.lexer,lua54,docs/plane/P02.md#p02-1-to-p02-5,rivetlua-compiler,LEX-001;LEX-002;LEX-003;LEX-004;LEX-005;LEX-006;LEX-LONG-001;LEX-ERR-001;LEX-ERR-002;LEX-ERR-003;LEX-ERR-004,PASS,
p03.parser,lua55,docs/plane/P03.md#p03-1-to-p03-5,rivetlua-compiler,PARSE-001;PARSE-002;PARSE-003;PARSE-004;PARSE-005;PARSE-006;PARSE-ERR-001;PARSE-ERR-002;PARSE-ERR-003;PARSE-ERR-004,PASS,
p03.parser,lua54,docs/plane/P03.md#p03-1-to-p03-5,rivetlua-compiler,PARSE-001;PARSE-002;PARSE-003;PARSE-004;PARSE-005;PARSE-006;PARSE-ERR-001;PARSE-ERR-002;PARSE-ERR-003;PARSE-ERR-004,PASS,
compiler,common,docs/plane/P00.md,NOT_IMPLEMENTED,,NOT_IMPLEMENTED,後續階段
runtime,common,docs/plane/P00.md,NOT_IMPLEMENTED,,NOT_IMPLEMENTED,後續階段
c-api,common,docs/plane/P00.md,NOT_IMPLEMENTED,,NOT_IMPLEMENTED,P00 只有風險證據
p04.resolve,lua55,docs/plane/P04.md#p04-1-to-p04-5,rivetlua-compiler,RES-001;RES-002;RES-003;RES-004;RES-005;RES-006;RES-007;RES-008;RES-ERR-001;RES-ERR-002,PASS,
p04.resolve,lua54,docs/plane/P04.md#p04-1-to-p04-5,rivetlua-compiler,RES-001;RES-002;RES-003;RES-004;RES-005;RES-006;RES-007;RES-008;RES-ERR-001;RES-ERR-002,PASS,
p05.bytecode,lua55,docs/plane/P05.md#p05-rvlu-v2,rivetlua-core;rivetlua-compiler,BC-001;BC-002;BC-003;BC-004;BC-005;BC-006;BC-007;BC-008;BC-009;BC-010;BC-ERR-001;BC-ERR-002,PASS,
p05.bytecode,lua54,docs/plane/P05.md#p05-rvlu-v2,rivetlua-core;rivetlua-compiler,BC-001;BC-002;BC-003;BC-004;BC-005;BC-006;BC-007;BC-008;BC-009;BC-010;BC-ERR-001;BC-ERR-002,PASS,
p06.heap,lua55,docs/plane/P06.md#6-正常與錯誤案例,rivetlua-runtime,HEAP-001;HEAP-002;HEAP-003;HEAP-004;HEAP-005;HEAP-006;HEAP-007;HEAP-008,PASS,
p06.heap,lua54,docs/plane/P06.md#6-正常與錯誤案例,rivetlua-runtime,HEAP-001;HEAP-002;HEAP-003;HEAP-004;HEAP-005;HEAP-006;HEAP-007;HEAP-008,PASS,
p07.vm,lua55,docs/plane/P07.md#6-正常與錯誤案例,rivetlua-runtime,VM-001;VM-002;VM-003;VM-004;VM-005;VM-006;VM-007;VM-008;VM-009;VM-010,PASS,
p07.vm,lua54,docs/plane/P07.md#6-正常與錯誤案例,rivetlua-runtime,VM-001;VM-002;VM-003;VM-004;VM-005;VM-006;VM-007;VM-008;VM-009;VM-010,PASS,
p08.string-table,lua55,docs/plane/P08.md#6-正常與錯誤案例,rivetlua-runtime,TAB-001;TAB-002;TAB-003;TAB-004;TAB-005;TAB-006;TAB-007;TAB-008;TAB-009;TAB-010;TAB-011;TAB-012,PASS,
p08.string-table,lua54,docs/plane/P08.md#6-正常與錯誤案例,rivetlua-runtime,TAB-001;TAB-002;TAB-003;TAB-004;TAB-005;TAB-006;TAB-007;TAB-008;TAB-009;TAB-010;TAB-011;TAB-012,PASS,
p09.function-closure,lua55,docs/plane/P09.md#6-正常與錯誤案例,rivetlua-runtime,CALL-001;CALL-002;CALL-003;CALL-004;CALL-005;CALL-006;CALL-007;CALL-008;CALL-009;CALL-010;CALL-011;CALL-013,PASS,
p09.function-closure,lua54,docs/plane/P09.md#6-正常與錯誤案例,rivetlua-runtime,CALL-001;CALL-002;CALL-003;CALL-004;CALL-005;CALL-006;CALL-007;CALL-008;CALL-009;CALL-010;CALL-012;CALL-013,PASS,
p10.metatable,lua55,docs/plane/P10.md#6-正常與錯誤案例,rivetlua-runtime,META-001;META-002;META-003;META-004;META-005;META-006;META-007;META-008;META-009;META-010,PASS,
p10.metatable,lua54,docs/plane/P10.md#6-正常與錯誤案例,rivetlua-runtime,META-001;META-002;META-003;META-004;META-005;META-006;META-007;META-008;META-009;META-010,PASS,
p11.errors-coroutines-close,lua55,docs/plane/P11.md#6-正常與錯誤案例,rivetlua-runtime,ERR-001;ERR-002;ERR-003;ERR-004;ERR-005;COR-001;COR-002;COR-003;COR-004;COR-005;COR-006;CLOSE-001;CLOSE-002;CLOSE-003;CLOSE-004;CLOSE-005,PASS,
p11.errors-coroutines-close,lua54,docs/plane/P11.md#6-正常與錯誤案例,rivetlua-runtime,ERR-001;ERR-002;ERR-003;ERR-004;ERR-005;COR-001;COR-002;COR-003;COR-004;COR-005;COR-006;CLOSE-001;CLOSE-002;CLOSE-003;CLOSE-004;CLOSE-005,PASS,
p12.gc-complete,lua55,docs/plane/P12.md#6-正常與錯誤案例,rivetlua-runtime,GC-001;GC-002;GC-003;GC-004;GC-005;GC-006;GC-007;GC-008;GC-009;GC-010,PASS,
p12.gc-complete,lua54,docs/plane/P12.md#6-正常與錯誤案例,rivetlua-runtime,GC-001;GC-002;GC-003;GC-004;GC-005;GC-006;GC-007;GC-008;GC-009;GC-010,PASS,
p13.stdlib-modules,lua55,docs/plane/P13.md#6-正常與錯誤案例,rivetlua-runtime/stdlib;HostServices,LIB-001;LIB-002;LIB-003;LIB-004;LIB-005;LIB-006;LIB-007;LIB-008;LIB-009;LIB-010;LIB-011;LIB-012;LIB-013;LIB-014,PASS,
p13.stdlib-modules,lua54,docs/plane/P13.md#6-正常與錯誤案例,rivetlua-runtime/stdlib;HostServices,LIB-001;LIB-002;LIB-003;LIB-004;LIB-005;LIB-006;LIB-007;LIB-008;LIB-009;LIB-010;LIB-011;LIB-012;LIB-013;LIB-014,PASS,
p05.official-chunk,lua55,docs/plane/WorkP14.md,rivetlua-core;rivetlua-compiler;rivetlua-runtime,OFFCHUNK-002;OFFCHUNK-004;OFFCHUNK-005;OFFCHUNK-006;OFFCHUNK-007;OFFCHUNK-008;OFFCHUNK-009;OFFCHUNK-010;OFFCHUNK-011;OFFCHUNK-012;OFFCHUNK-013;OFFCHUNK-014;OFFCHUNK-015;OFFCHUNK-016;OFFCHUNK-017;OFFCHUNK-018,PASS,
p05.official-chunk,lua54,docs/plane/WorkP14.md,rivetlua-core;rivetlua-compiler;rivetlua-runtime,OFFCHUNK-001;OFFCHUNK-003;OFFCHUNK-005;OFFCHUNK-006;OFFCHUNK-007;OFFCHUNK-008;OFFCHUNK-009;OFFCHUNK-010;OFFCHUNK-011;OFFCHUNK-012;OFFCHUNK-013;OFFCHUNK-014;OFFCHUNK-015;OFFCHUNK-016;OFFCHUNK-017;OFFCHUNK-018,PASS,
p05.artifact-metadata,lua55,docs/plane/WorkP14.md,rivetlua-core;rivetlua-runtime,OFFCHUNK-007;OFFCHUNK-008;OFFCHUNK-017;OFFCHUNK-018,PASS,
p05.artifact-metadata,lua54,docs/plane/WorkP14.md,rivetlua-core;rivetlua-runtime,OFFCHUNK-007;OFFCHUNK-008;OFFCHUNK-017;OFFCHUNK-018,PASS,
p14.sdk-cli,lua55,docs/plane/P14.md#6-正常與錯誤案例,rivetlua;rivetlua-cli,SDK-001;SDK-002;SDK-003;SDK-004;SDK-005;SDK-006;SDK-007;SDK-008;SDK-NEG-001;SDK-NEG-002;SDK-NEG-003;SDK-NEG-004;SDK-NEG-005;SDK-NEG-006,PASS,
p14.sdk-cli,lua54,docs/plane/P14.md#6-正常與錯誤案例,rivetlua;rivetlua-cli,SDK-001;SDK-002;SDK-003;SDK-004;SDK-005;SDK-006;SDK-007;SDK-008;SDK-NEG-001;SDK-NEG-002;SDK-NEG-003;SDK-NEG-004;SDK-NEG-005;SDK-NEG-006,PASS,
